{"images/auto_vally_bg.jpeg":["images/auto_vally_bg.jpeg"],"images/auto_vally_heading.jpeg":["images/auto_vally_heading.jpeg"],"images/auto_vally_heading.png":["images/auto_vally_heading.png"],"images/auto_vally_logo.jpeg":["images/auto_vally_logo.jpeg"],"images/bike1.jpg":["images/bike1.jpg"],"images/bike2.jpg":["images/bike2.jpg"],"images/bike3.jpg":["images/bike3.jpg"],"images/parking_logo.png":["images/parking_logo.png"],"images/profileAvatar.png":["images/profileAvatar.png"],"images/wp.png":["images/wp.png"],"packages/cupertino_icons/assets/CupertinoIcons.ttf":["packages/cupertino_icons/assets/CupertinoIcons.ttf"]}